module_key,sheet_name,case_id,http_method,api_endpoint,normalized_endpoint,automated_covered,spec_flow_covered,overlap,coverage_bucket,automated_evidence_files,spec_evidence_files,evidence_note
login,Login,AUTH-PF-001,POST,https://topuptalent.com/HRMBackendTest/api/auth/signin,/api/auth/signin,True,True,True,automated+spec,,,
login,Login,AUTH-PF-002,POST,/api/auth/signin,/api/auth/signin,True,False,False,automated_only,,,
login,Login,AUTH-PF-003,"POST (signin)
GET (protected API e.g./menu/v1/users)","/api/auth/signin 
&
/menu/v1/users",/api/auth/signin,True,False,False,automated_only,,,
login,Login,AUTH-PF-004,POST,/api/auth/signin,/api/auth/signin,True,False,False,automated_only,,,
login,Login,AUTH-PF-005,POST,/api/auth/signin,/api/auth/signin,True,False,False,automated_only,,,
login,Login,AUTH-PF-006,POST,/api/auth/signin,/api/auth/signin,True,False,False,automated_only,,,
login,Login,AUTH-PF-007,POST,/api/auth/signin,/api/auth/signin,True,False,False,automated_only,,,
login,Login,AUTH-PF-008,POST,/api/auth/signin,/api/auth/signin,True,False,False,automated_only,,,
login,Login,AUTH-PF-009,POST,/api/auth/signin,/api/auth/signin,True,False,False,automated_only,,,
login,Login,AUTH-PF-010,POST,/api/auth/signin,/api/auth/signin,True,False,False,automated_only,,,
salary_management,Salary Management,SAL-UP-001,POST,/HRMBackendTest/salary/salaryupload?employeeType=CONTRACT&month=may,/salary/salaryupload,True,False,False,automated_only,,,
salary_management,Salary Management,SAL-UP-002,POST,/HRMBackendTest/salary/salaryupload?employeeType=CONTRACT&month=may,/salary/salaryupload,True,False,False,automated_only,,,
salary_management,Salary Management,SAL-UP-003,POST,/HRMBackendTest/salary/salaryupload?employeeType=CONTRACT&month=may,/salary/salaryupload,True,False,False,automated_only,,,
salary_management,Salary Management,SAL-UP-004,POST,/HRMBackendTest/salary/salaryupload?employeeType=CONTRACT&month=may,/salary/salaryupload,True,True,True,automated+spec,,,
salary_management,Salary Management,SAL-UP-005,POST,/HRMBackendTest/salary/salaryupload?employeeType=CONTRACT&month=may,/salary/salaryupload,True,False,False,automated_only,,,
salary_management,Salary Management,SAL-UP-006,POST,/HRMBackendTest/salary/salaryupload?employeeType=CONTRACT&month=may,/salary/salaryupload,True,False,False,automated_only,,,
salary_management,Salary Management,SAL-UP-007,POST,/HRMBackendTest/salary/salaryupload?employeeType=CONTRACT&month=may,/salary/salaryupload,True,False,False,automated_only,,,
salary_management,Salary Management,SAL-UP-008,POST,/HRMBackendTest/salary/salaryupload?employeeType=CONTRACT&month=may,/salary/salaryupload,True,False,False,automated_only,,,
salary_management,Salary Management,SAL-UP-009,POST,/HRMBackendTest/salary/salaryupload?employeeType=CONTRACT&month=may,/salary/salaryupload,True,False,False,automated_only,,,
salary_management,Salary Management,SAL-UP-010,POST,/HRMBackendTest/salary/salaryupload?employeeType=CONTRACT&month=may,/salary/salaryupload,True,False,False,automated_only,,,
salary_management,Salary Management,SAL-UP-011,POST,/HRMBackendTest/salary/salaryupload?employeeType=CONTRACT&month=may,/salary/salaryupload,True,False,False,automated_only,,,
announcements,Annoucements,ANN-001,PUT,/HRMBackendTest/announcement,/announcement,True,True,True,automated+spec,tests/modules/announcements/test_announcements_positives.py,tests/contracts/test_announcements_contract.py,Contract action response schema
announcements,Annoucements,ANN-002,PUT,/HRMBackendTest/announcement,/announcement,True,False,False,automated_only,tests/negative/test_announcements_negative.py,,Missing mandatory field
announcements,Annoucements,ANN-003,PUT,/HRMBackendTest/announcement,/announcement,True,False,False,automated_only,tests/negative/test_announcements_negative.py,,Invalid date validation
announcements,Annoucements,ANN-004,PUT,/HRMBackendTest/announcement,/announcement,True,False,False,automated_only,tests/negative/test_announcements_negative.py,,Invalid file type handling
announcements,Annoucements,ANN-005,PUT,/HRMBackendTest/announcement,/announcement,True,False,False,automated_only,tests/modules/announcements/test_announcements_rbac.py,,RBAC forbidden create
announcements,Annoucements,ANN-006,PUT,/HRMBackendTest/announcement/update,/announcement/update,True,False,False,automated_only,tests/modules/announcements/test_announcements_positives.py,,Update positive flow
announcements,Annoucements,ANN-007,PUT,/HRMBackendTest/announcement/update,/announcement/update,True,False,False,automated_only,tests/negative/test_announcements_negative.py,,Update missing ID
announcements,Annoucements,ANN-008,PUT,/HRMBackendTest/announcement/update,/announcement/update,True,False,False,automated_only,tests/negative/test_announcements_negative.py,,Update invalid ID
announcements,Annoucements,ANN-009,GET,/HRMBackendTest/announcement?pageSize=10&page=1&status=PENDING,/announcement,True,True,True,automated+spec,tests/modules/announcements/test_announcements_positives.py,tests/contracts/test_announcements_contract.py,Contract list response schema
announcements,Annoucements,ANN-010,GET,/HRMBackendTest/announcement?pageSize=10&page=1&status=PENDING,/announcement,True,False,False,automated_only,tests/modules/announcements/test_announcements_edge_cases.py,,List endpoint pagination coverage
announcements,Annoucements,ANN-011,GET,/HRMBackendTest/announcement?pageSize=10&page=1&status=PENDING,/announcement,True,False,False,automated_only,tests/modules/announcements/test_announcements_edge_cases.py,,List endpoint empty result coverage
announcements,Annoucements,ANN-012,GET,/HRMBackendTest/announcement?pageSize=10&page=1&status=PENDING,/announcement,True,False,False,automated_only,tests/negative/test_announcements_negative.py,,Invalid query params
announcements,Annoucements,ANN-013,GET,/HRMBackendTest/announcement?pageSize=10&page=1&status=PENDING,/announcement,True,False,False,automated_only,tests/modules/announcements/test_announcements_edge_cases.py,,Default pagination behavior
announcements,Annoucements,ANN-014,DELETE,/HRMBackendTest/announcement/<ID>,/announcement/<ID>,True,False,False,automated_only,tests/modules/announcements/test_announcements_delete.py,,Delete valid ID
announcements,Annoucements,ANN-015,DELETE,/HRMBackendTest/announcement/<ID>,/announcement/<ID>,True,False,False,automated_only,tests/modules/announcements/test_announcements_delete.py,,Delete invalid ID
announcements,Annoucements,ANN-016,DELETE,/HRMBackendTest/announcement/<ID>,/announcement/<ID>,True,False,False,automated_only,tests/modules/announcements/test_announcements_noauth.py,,Delete without auth
announcements,Annoucements,ANN-017,DELETE,/HRMBackendTest/announcement/<ID>,/announcement/<ID>,True,False,False,automated_only,tests/modules/announcements/test_announcements_delete.py,,Delete twice behavior
announcements,Annoucements,ANN-018,DELETE,/HRMBackendTest/announcement/<ID>,/announcement/<ID>,True,False,False,automated_only,tests/negative/test_announcements_negative.py,,Malformed delete ID
announcements,Annoucements,ANN-019,DELETE,/HRMBackendTest/announcement/<ID>,/announcement/<ID>,True,False,False,automated_only,tests/modules/announcements/test_announcements_rbac.py,,RBAC forbidden delete
dashboard,Dashboard,TC_GET_01,GET,/menu/v1/users,/menu/v1/users,True,True,True,automated+spec,tests/contracts/test_dashboard_contract.py,tests/contracts/test_dashboard_contract.py,Users menu schema contract
dashboard,Dashboard,TC_GET_02,GET,/menu/v1/users?page=1&size=10,/menu/v1/users,False,False,False,uncovered,,,
dashboard,Dashboard,TC_GET_03,GET,/menu/v1/users?role=admin,/menu/v1/users,False,False,False,uncovered,,,
dashboard,Dashboard,TC_GET_04,GET,"/menu/v1/users?sort=username,asc",/menu/v1/users,False,False,False,uncovered,,,
dashboard,Dashboard,TC_GET_05,GET,/menu/v1/users,/menu/v1/users,False,False,False,uncovered,,,
dashboard,Dashboard,TC_GET_06,GET,/menu/v1/users?page=-1,/menu/v1/users,False,False,False,uncovered,,,
dashboard,Dashboard,TC_GET_07,POST,/menu/v1/users,/menu/v1/users,False,False,False,uncovered,,,
dashboard,Dashboard,TC_GET_08,POST,/menu/v1/users,/menu/v1/users,False,False,False,uncovered,,,
dashboard,Dashboard,TC_GET_09,POST,/menu/v1/users,/menu/v1/users,False,False,False,uncovered,,,
dashboard,Dashboard,TC_GET_10,POST,/menu/v1/users,/menu/v1/users,False,False,False,uncovered,,,
dashboard,Dashboard,TC_GET_11,PUT,/menu/v1/users/{id},/menu/v1/users/{id},False,False,False,uncovered,,,
dashboard,Dashboard,TC_GET_12,PUT,/menu/v1/users/9999,/menu/v1/users/9999,False,False,False,uncovered,,,
dashboard,Dashboard,TC_GET_13,DELETE,/menu/v1/users/{id},/menu/v1/users/{id},False,False,False,uncovered,,,
dashboard,Dashboard,TC_GET_14,DELETE,/menu/v1/users/9999,/menu/v1/users/9999,False,False,False,uncovered,,,
onboarding,Employee Onboard,TC_OB_01,,https://topuptalent.com/HRMBackendTest/onboarding,/onboarding,True,False,False,automated_only,tests/modules/onboarding/test_onboarding_create_roles.py; tests/negative/test_onboarding_create_negative.py,,Onboarding invite create flow
onboarding,Employee Onboard,TC_OB_02,,https://topuptalent.com/HRMBackendTest/onboarding,/onboarding,True,False,False,automated_only,tests/modules/onboarding/test_onboarding_create_roles.py; tests/negative/test_onboarding_create_negative.py,,Onboarding invite create validations
onboarding,Employee Onboard,TC_OB_03,,https://topuptalent.com/HRMBackendTest/onboarding,/onboarding,True,False,False,automated_only,tests/modules/onboarding/test_onboarding_create_roles.py; tests/negative/test_onboarding_create_negative.py,,Onboarding create role coverage
onboarding,Employee Onboard,TC_OB_04,,https://topuptalent.com/HRMBackendTest/onboarding,/onboarding,True,False,False,automated_only,tests/modules/onboarding/test_onboarding_create_roles.py; tests/negative/test_onboarding_create_negative.py,,Onboarding create auth coverage
onboarding,Employee Onboard,TC_OB_05,,https://topuptalent.com/HRMBackendTest/onboarding,/onboarding,True,False,False,automated_only,tests/modules/onboarding/test_onboarding_create_roles.py; tests/negative/test_onboarding_create_negative.py,,Onboarding create input validation
onboarding,Employee Onboard,TC_OB_07,,https://topuptalent.com/HRMBackendTest/onboarding,/onboarding,True,False,False,automated_only,tests/modules/onboarding/test_onboarding_create_roles.py; tests/negative/test_onboarding_create_negative.py,,Onboarding create duplicate/invalid input
onboarding,Employee Onboard,TC_OB_08,,https://topuptalent.com/HRMBackendTest/onboarding,/onboarding,True,False,False,automated_only,tests/modules/onboarding/test_onboarding_create_roles.py; tests/negative/test_onboarding_create_negative.py,,Onboarding create file validation
onboarding,Employee Onboard,TC_OB_09,,https://topuptalent.com/HRMBackendTest/onboarding,/onboarding,True,False,False,automated_only,tests/modules/onboarding/test_onboarding_create_roles.py; tests/negative/test_onboarding_create_negative.py,,Onboarding create negative path
onboarding,Employee Onboard,TC_OB_10,,https://topuptalent.com/HRMBackendTest/onboarding,/onboarding,True,False,False,automated_only,tests/modules/onboarding/test_onboarding_create_roles.py; tests/negative/test_onboarding_create_negative.py,,Onboarding create authorization path
onboarding,Employee Onboard,TC_OB_11,,https://topuptalent.com/HRMBackendTest/onboarding/v2/updateEmail,/onboarding/v2/updateEmail,True,False,False,automated_only,tests/modules/onboarding/test_onboarding_update_email_roles.py; tests/negative/test_onboarding_update_email_negative.py,,Update email happy path
onboarding,Employee Onboard,TC_OB_12,,https://topuptalent.com/HRMBackendTest/onboarding/v2/updateEmail,/onboarding/v2/updateEmail,True,False,False,automated_only,tests/modules/onboarding/test_onboarding_update_email_roles.py; tests/negative/test_onboarding_update_email_negative.py,,Update email role coverage
onboarding,Employee Onboard,TC_OB_13,,https://topuptalent.com/HRMBackendTest/onboarding/v2/updateEmail,/onboarding/v2/updateEmail,True,False,False,automated_only,tests/modules/onboarding/test_onboarding_update_email_roles.py; tests/negative/test_onboarding_update_email_negative.py,,Update email forbidden/role checks
onboarding,Employee Onboard,TC_OB_14,,https://topuptalent.com/HRMBackendTest/onboarding/v2/updateEmail?email=&employeeId=590,/onboarding/v2/updateEmail,True,False,False,automated_only,tests/negative/test_onboarding_update_email_negative.py,,Missing email parameter
onboarding,Employee Onboard,TC_OB_15,,https://topuptalent.com/HRMBackendTest/onboarding/v2/updateEmail?email=jiya123@caeliusconsulting.com&employeeId=,/onboarding/v2/updateEmail,True,False,False,automated_only,tests/negative/test_onboarding_update_email_negative.py,,Missing employee ID parameter
onboarding,Employee Onboard,TC_OB_16,,https://topuptalent.com/HRMBackendTest/onboarding/v2/updateEmail?email=Invalid&employeeId=590,/onboarding/v2/updateEmail,True,False,False,automated_only,tests/negative/test_onboarding_update_email_negative.py,,Invalid email format
onboarding,Employee Onboard,TC_OB_17,,https://topuptalent.com/HRMBackendTest/onboarding/v2/updateEmail?email=jiya123@caeliusconsulting.com&employeeId=99999,/onboarding/v2/updateEmail,False,False,False,uncovered,,,
onboarding,Employee Onboard,TC_OB_18,,https://topuptalent.com/HRMBackendTest/onboarding/v2/updateEmail,/onboarding/v2/updateEmail,True,False,False,automated_only,tests/negative/test_onboarding_update_email_negative.py,,Unauthorized update email
onboarding,Employee Onboard,TC_OB_19,,https://topuptalent.com/HRMBackendTest/onboarding/v2/updateEmail,/onboarding/v2/updateEmail,True,False,False,automated_only,tests/negative/test_onboarding_update_email_negative.py,,Invalid token update email
onboarding,Employee Onboard,TC_OB_20,,https://topuptalent.com/HRMBackendTest/onboarding/v2/updateEmail?email=fgfhgfhgffghghgfhgfhfghghghbvvvnbnbnbnbnbvvbnnbbbbfgfhgfhgffghghvbvbvbvcbcvbcbg@caeliusconsulting.com&employeeId=590,/onboarding/v2/updateEmail,True,False,False,automated_only,tests/negative/test_onboarding_update_email_negative.py,,Overlong email validation
onboarding,Employee Onboard,TC_OB_21,,https://topuptalent.com/HRMBackendTest/onboarding/v2/updateEmail?email=test@caeliu$consulting.com&employeeId=590,/onboarding/v2/updateEmail,True,False,False,automated_only,tests/negative/test_onboarding_update_email_negative.py,,Unsupported special character validation
onboarding,Employee Onboard,TC_OB_23,,https://topuptalent.com/HRMBackendTest/onboarding/v2/updateEmail?email=user  @caeliusconsulting.com&employeeId=590,/onboarding/v2/updateEmail,False,False,False,uncovered,,,
onboarding,Employee Onboard,TC_OB_24,,https://topuptalent.com/HRMBackendTest/onboarding/v2/590/approve?employeeType=REGULAR&managerId=2&designationId=5&leaveManagerId=2&employeeSubType=Fulltime&flag=CCI_INDIA&isTech=true,/onboarding/v2/590/approve,True,False,False,automated_only,tests/modules/onboarding/test_onboarding_approve_roles.py; tests/negative/test_onboarding_approve_negative.py,,Approve REGULAR flow
onboarding,Employee Onboard,TC_OB_25,,https://topuptalent.com/HRMBackendTest/onboarding/v2/590/approve?employeeType=REGULAR&managerId=2&designationId=5&leaveManagerId=2&employeeSubType=Fulltime&flag=CCI_INDIA&isTech=true,/onboarding/v2/590/approve,True,False,False,automated_only,tests/modules/onboarding/test_onboarding_approve_roles.py; tests/negative/test_onboarding_approve_negative.py,,Approve REGULAR role variation
onboarding,Employee Onboard,TC_OB_26,,https://topuptalent.com/HRMBackendTest/onboarding/v2/590/approve?employeeType=CONSULTANT&managerId=2&designationId=5&leaveManagerId=2&employeeSubType=Fulltime&flag=CCI_INDIA&isTech=true,/onboarding/v2/590/approve,True,False,False,automated_only,tests/modules/onboarding/test_onboarding_approve_roles.py; tests/negative/test_onboarding_approve_negative.py,,Approve CONSULTANT flow
onboarding,Employee Onboard,TC_OB_27,,https://topuptalent.com/HRMBackendTest/onboarding/v2/590/approve?employeeType=CONSULTANT&managerId=2&designationId=5&leaveManagerId=2&employeeSubType=Fulltime&flag=CCI_INDIA&isTech=true,/onboarding/v2/590/approve,True,False,False,automated_only,tests/modules/onboarding/test_onboarding_approve_roles.py; tests/negative/test_onboarding_approve_negative.py,,Approve CONSULTANT role variation
onboarding,Employee Onboard,TC_OB_28,,https://topuptalent.com/HRMBackendTest/onboarding/v2/590/approve?employeeType=&managerId=2&designationId=5&leaveManagerId=2&employeeSubType=Fulltime&flag=CCI_INDIA&isTech=true,/onboarding/v2/590/approve,True,False,False,automated_only,tests/negative/test_onboarding_approve_negative.py,,Approve empty employeeType
onboarding,Employee Onboard,TC_OB_29,,https://topuptalent.com/HRMBackendTest/onboarding/v2/590/approve?employeeType=INVALID&managerId=2&designationId=5&leaveManagerId=2&employeeSubType=Fulltime&flag=CCI_INDIA&isTech=true,/onboarding/v2/590/approve,True,False,False,automated_only,tests/negative/test_onboarding_approve_negative.py,,Approve invalid employeeType
onboarding,Employee Onboard,TC_OB_30,,https://topuptalent.com/HRMBackendTest/onboarding/v2/590/approve?employeeType=CONSULTANT&managerId=-1&designationId=5&leaveManagerId=2&employeeSubType=Fulltime&flag=CCI_INDIA&isTech=true,/onboarding/v2/590/approve,True,False,False,automated_only,tests/negative/test_onboarding_approve_negative.py,,Approve negative manager ID
onboarding,Employee Onboard,TC_OB_31,,https://topuptalent.com/HRMBackendTest/onboarding/v2/590/approve?employeeType=CONSULTANT&managerId=2&designationId=5000000&leaveManagerId=2&employeeSubType=Fulltime&flag=CCI_INDIA&isTech=true,/onboarding/v2/590/approve,True,False,False,automated_only,tests/negative/test_onboarding_approve_negative.py,,Approve invalid designation ID
onboarding,Employee Onboard,TC_OB_32,,https://topuptalent.com/HRMBackendTest/onboarding/v2/590/approve?employeeType=CONSULTANT&managerId=2&designationId=5000000&leaveManagerId=Invalid&employeeSubType=Fulltime&flag=CCI_INDIA&isTech=true,/onboarding/v2/590/approve,True,False,False,automated_only,tests/negative/test_onboarding_approve_negative.py,,Approve invalid leave manager ID
onboarding,Employee Onboard,TC_OB_33,,https://topuptalent.com/HRMBackendTest/onboarding/v2/590/approve?employeeType=&managerId=&designationId=&leaveManagerId=&flag=&isTech=,/onboarding/v2/590/approve,True,False,False,automated_only,tests/negative/test_onboarding_approve_negative.py,,Approve missing/duplicate query parameters
onboarding,Employee Onboard,TC_OB_34,,https://topuptalent.com/HRMBackendTest/onboarding/v2/590/approve?employeeType=REGULAR&managerId=2&designationId=5&leaveManagerId=2&employeeSubType=Fulltime&flag=CCI_INDIA&isTech=true,/onboarding/v2/590/approve,True,False,False,automated_only,tests/modules/onboarding/test_onboarding_approve_roles.py; tests/negative/test_onboarding_approve_negative.py,,Approve role consistency scenario
onboarding,Employee Onboard,TC_OB_35,,https://topuptalent.com/HRMBackendTest/onboarding/v2/590/approve?employeeType=REGULAR&managerId=2&designationId=5&leaveManagerId=2&employeeSubType=Fulltime&flag=CCI_INDIA&isTech=true,/onboarding/v2/590/approve,True,False,False,automated_only,tests/modules/onboarding/test_onboarding_approve_roles.py; tests/negative/test_onboarding_approve_negative.py,,Approve role consistency scenario
onboarding,Employee Onboard,TC_OB_36,,https://topuptalent.com/HRMBackendTest/onboarding/v2/590/approve?employeeType=REGULAR&managerId=2&designationId=5&leaveManagerId=2&employeeSubType=Fulltime&flag=CCI_INDIA&isTech=true,/onboarding/v2/590/approve,True,False,False,automated_only,tests/modules/onboarding/test_onboarding_approve_roles.py; tests/negative/test_onboarding_approve_negative.py,,Approve role consistency scenario
onboarding,Employee Onboard,TC_OB_37,,https://topuptalent.com/HRMBackendTest/onboarding/v2/590/approve?employeeType=REGULAR&managerId=2&designationId=5&leaveManagerId=2&employeeSubType=Fulltime&flag=CCI_INDIA&isTech=true,/onboarding/v2/590/approve,True,False,False,automated_only,tests/modules/onboarding/test_onboarding_approve_roles.py; tests/negative/test_onboarding_approve_negative.py,,Approve role consistency scenario
onboarding,Employee Onboard,TC_OB_38,,https://topuptalent.com/HRMBackendTest/onboarding/v2/590/approve?employeeType=REGULAR&managerId=2&designationId=5&leaveManagerId=2&employeeSubType=Fulltime&flag=CCI_INDIA&isTech=true,/onboarding/v2/590/approve,True,False,False,automated_only,tests/modules/onboarding/test_onboarding_approve_roles.py; tests/negative/test_onboarding_approve_negative.py,,Approve role consistency scenario
onboarding,Employee Onboard,TC_OB_39,,https://topuptalent.com/HRMBackendTest/adhoc/email/create,/adhoc/email/create,False,False,False,uncovered,,,
onboarding,Employee Onboard,TC_OB_40,,https://topuptalent.com/HRMBackendTest/adhoc/email/create,/adhoc/email/create,False,False,False,uncovered,,,
onboarding,Employee Onboard,TC_OB_41,,https://topuptalent.com/HRMBackendTest/adhoc/email/create,/adhoc/email/create,False,False,False,uncovered,,,
onboarding,Employee Onboard,TC_OB_42,,https://topuptalent.com/HRMBackendTest/adhoc/email/create,/adhoc/email/create,False,False,False,uncovered,,,
onboarding,Employee Onboard,TC_OB_43,,https://topuptalent.com/HRMBackendTest/adhoc/email/create,/adhoc/email/create,False,False,False,uncovered,,,
onboarding,Employee Onboard,TC_OB_44,,https://topuptalent.com/HRMBackendTest/adhoc/email/create,/adhoc/email/create,False,False,False,uncovered,,,
onboarding,Employee Onboard,TC_OB_45,,https://topuptalent.com/HRMBackendTest/adhoc/email/list?pageSize=10&page=1&status=Approved,/adhoc/email/list,False,False,False,uncovered,,,
onboarding,Employee Onboard,TC_OB_46,,https://topuptalent.com/HRMBackendTest/adhoc/email/list?pageSize=10&page=1&status=Rejected,/adhoc/email/list,False,False,False,uncovered,,,
onboarding,Employee Onboard,TC_OB_47,,https://topuptalent.com/HRMBackendTest/adhoc/email/list?pageSize=10&page=1&status=Pending,/adhoc/email/list,False,False,False,uncovered,,,
onboarding,Employee Onboard,TC_OB_48,,https://topuptalent.com/HRMBackendTest/adhoc/email/list?pageSize=10&page=1,/adhoc/email/list,False,False,False,uncovered,,,
onboarding,Employee Onboard,TC_OB_49,,https://topuptalent.com/HRMBackendTest/adhoc/email/list?status=Pending,/adhoc/email/list,False,False,False,uncovered,,,
onboarding,Employee Onboard,TC_OB_50,,https://topuptalent.com/HRMBackendTest/adhoc/email/list?status=Invalid,/adhoc/email/list,False,False,False,uncovered,,,
onboarding,Employee Onboard,TC_OB_51,,https://topuptalent.com/HRMBackendTest/adhoc/email/list?status=Pending,/adhoc/email/list,False,False,False,uncovered,,,
onboarding,Employee Onboard,TC_OB_52,,https://topuptalent.com/HRMBackendTest/adhoc/email/list?status=Pending,/adhoc/email/list,False,False,False,uncovered,,,
onboarding,Employee Onboard,TC_OB_53,,https://topuptalent.com/HRMBackendTest/adhoc/email/list?pageSize=10&page=1&status=Approved,/adhoc/email/list,False,False,False,uncovered,,,
onboarding,Employee Onboard,TC_OB_54,,https://topuptalent.com/HRMBackendTest/adhoc/email/list?pageSize=10&page=1&status=Approved,/adhoc/email/list,False,False,False,uncovered,,,
onboarding,Employee Onboard,TC_OB_55,,https://topuptalent.com/HRMBackendTest/adhoc/email/update?requestId=405,/adhoc/email/update,False,False,False,uncovered,,,
onboarding,Employee Onboard,TC_OB_56,,https://topuptalent.com/HRMBackendTest/adhoc/email/update?requestId=405,/adhoc/email/update,False,False,False,uncovered,,,
onboarding,Employee Onboard,TC_OB_57,,https://topuptalent.com/HRMBackendTest/adhoc/email/update?requestId=405,/adhoc/email/update,False,False,False,uncovered,,,
onboarding,Employee Onboard,TC_OB_58,,https://topuptalent.com/HRMBackendTest/adhoc/email/update?requestId=405,/adhoc/email/update,False,False,False,uncovered,,,
onboarding,Employee Onboard,TC_OB_59,,https://topuptalent.com/HRMBackendTest/adhoc/email/update?requestId=405,/adhoc/email/update,False,False,False,uncovered,,,
onboarding,Employee Onboard,TC_OB_60,,https://topuptalent.com/HRMBackendTest/adhoc/email/update?requestId=405,/adhoc/email/update,False,False,False,uncovered,,,
onboarding,Employee Onboard,TC_OB_61,,https://topuptalent.com/HRMBackendTest/adhoc/email/update?requestId=405,/adhoc/email/update,False,False,False,uncovered,,,
onboarding,Employee Onboard,TC_OB_62,,https://topuptalent.com/HRMBackendTest/adhoc/email/update?requestId=405,/adhoc/email/update,False,False,False,uncovered,,,
onboarding,Employee Onboard,TC_OB_63,,https://topuptalent.com/HRMBackendTest/adhoc/email/update?requestId=405,/adhoc/email/update,False,False,False,uncovered,,,
onboarding,Employee Onboard,TC_OB_64,,https://topuptalent.com/HRMBackendTest/adhoc/email/update?requestId=405,/adhoc/email/update,False,False,False,uncovered,,,
onboarding,Employee Onboard,TC_OB_65,,https://topuptalent.com/HRMBackendTest/biometric/mapping/update,/biometric/mapping/update,False,False,False,uncovered,,,
onboarding,Employee Onboard,TC_OB_66,,https://topuptalent.com/HRMBackendTest/biometric/mapping/update,/biometric/mapping/update,False,False,False,uncovered,,,
onboarding,Employee Onboard,TC_OB_67,,https://topuptalent.com/HRMBackendTest/biometric/mapping/update,/biometric/mapping/update,False,False,False,uncovered,,,
onboarding,Employee Onboard,TC_OB_68,,https://topuptalent.com/HRMBackendTest/biometric/mapping/update,/biometric/mapping/update,False,False,False,uncovered,,,
onboarding,Employee Onboard,TC_OB_69,,https://topuptalent.com/HRMBackendTest/biometric/mapping/update,/biometric/mapping/update,False,False,False,uncovered,,,
onboarding,Employee Onboard,TC_OB_70,,https://topuptalent.com/HRMBackendTest/biometric/mapping/update,/biometric/mapping/update,False,False,False,uncovered,,,
onboarding,Employee Onboard,TC_OB_71,,https://topuptalent.com/HRMBackendTest/biometric/mapping/update,/biometric/mapping/update,False,False,False,uncovered,,,
onboarding,Employee Onboard,TC_OB_72,,https://topuptalent.com/HRMBackendTest/biometric/247,/biometric/247,False,False,False,uncovered,,,
onboarding,Employee Onboard,TC_OB_73,,https://topuptalent.com/HRMBackendTest/biometric/247,/biometric/247,False,False,False,uncovered,,,
